theta0,theta1
8499.542071027387,-0.02144839387722462